,Stateid,weekid,dose1,dose2
0,AP,1,0.0,0.0
1,AP,2,0.0,0.0
2,AP,3,0.0,0.0
3,AP,4,0.0,0.0
4,AP,5,0.0,0.0
5,AP,6,0.0,0.0
6,AP,7,0.0,0.0
7,AP,8,0.0,0.0
8,AP,9,0.0,0.0
9,AP,10,0.0,0.0
10,AP,11,0.0,0.0
11,AP,12,0.0,0.0
12,AP,13,0.0,0.0
13,AP,14,0.0,0.0
14,AP,15,0.0,0.0
15,AP,16,0.0,0.0
16,AP,17,0.0,0.0
17,AP,18,0.0,0.0
18,AP,19,0.0,0.0
19,AP,20,0.0,0.0
20,AP,21,0.0,0.0
21,AP,22,0.0,0.0
22,AP,23,0.0,0.0
23,AP,24,0.0,0.0
24,AP,25,0.0,0.0
25,AP,26,0.0,0.0
26,AP,27,0.0,0.0
27,AP,28,0.0,0.0
28,AP,29,0.0,0.0
29,AP,30,0.0,0.0
30,AP,31,0.0,0.0
31,AP,32,0.0,0.0
32,AP,33,0.0,0.0
33,AP,34,0.0,0.0
34,AP,35,0.0,0.0
35,AP,36,0.0,0.0
36,AP,37,0.0,0.0
37,AP,38,0.0,0.0
38,AP,39,0.0,0.0
39,AP,40,0.0,0.0
40,AP,41,0.0,0.0
41,AP,42,0.0,0.0
42,AP,43,0.0,0.0
43,AP,44,4216.0,0.0
44,AP,45,66164.0,0.0
45,AP,46,63191.0,0.0
46,AP,47,112367.0,0.0
47,AP,48,67569.0,6233.0
48,AP,49,100311.0,81237.0
49,AP,50,122137.0,50342.0
50,AP,51,117103.0,45307.0
51,AP,52,195605.0,54193.0
52,AP,53,445838.0,61917.0
53,AP,54,667934.0,73728.0
54,AP,55,604379.0,47066.0
55,AP,56,714537.0,101863.0
56,AP,57,728589.0,76034.0
57,AP,58,533378.0,528629.0
58,AP,59,631642.0,392788.0
59,AP,60,261632.0,454871.0
60,AP,61,48122.0,193005.0
61,AP,62,79646.0,180783.0
62,AP,63,1710375.0,133539.0
63,AP,64,956613.0,90939.0
64,AP,65,1025779.0,47528.0
65,AP,66,593828.0,32276.0
66,AP,67,2069992.0,254321.0
67,AP,68,1251921.0,361815.0
68,AP,69,299752.0,204683.0
69,AP,70,1035127.0,644884.0
70,AP,71,402582.0,537279.0
71,AP,72,1186472.0,917332.0
72,AP,73,1380322.0,567504.0
73,AP,74,1039018.0,345116.0
74,AR,1,0.0,0.0
75,AR,2,0.0,0.0
76,AR,3,0.0,0.0
77,AR,4,0.0,0.0
78,AR,5,0.0,0.0
79,AR,6,0.0,0.0
80,AR,7,0.0,0.0
81,AR,8,0.0,0.0
82,AR,9,0.0,0.0
83,AR,10,0.0,0.0
84,AR,11,0.0,0.0
85,AR,12,0.0,0.0
86,AR,13,0.0,0.0
87,AR,14,0.0,0.0
88,AR,15,0.0,0.0
89,AR,16,0.0,0.0
90,AR,17,0.0,0.0
91,AR,18,0.0,0.0
92,AR,19,0.0,0.0
93,AR,20,0.0,0.0
94,AR,21,0.0,0.0
95,AR,22,0.0,0.0
96,AR,23,0.0,0.0
97,AR,24,0.0,0.0
98,AR,25,0.0,0.0
99,AR,26,0.0,0.0
100,AR,27,0.0,0.0
101,AR,28,0.0,0.0
102,AR,29,0.0,0.0
103,AR,30,0.0,0.0
104,AR,31,0.0,0.0
105,AR,32,0.0,0.0
106,AR,33,0.0,0.0
107,AR,34,0.0,0.0
108,AR,35,0.0,0.0
109,AR,36,0.0,0.0
110,AR,37,0.0,0.0
111,AR,38,0.0,0.0
112,AR,39,0.0,0.0
113,AR,40,0.0,0.0
114,AR,41,0.0,0.0
115,AR,42,0.0,0.0
116,AR,43,0.0,0.0
117,AR,44,81.0,0.0
118,AR,45,2365.0,0.0
119,AR,46,4045.0,0.0
120,AR,47,2797.0,0.0
121,AR,48,3963.0,456.0
122,AR,49,6767.0,3764.0
123,AR,50,5885.0,2742.0
124,AR,51,11346.0,2690.0
125,AR,52,8860.0,2904.0
126,AR,53,10377.0,3944.0
127,AR,54,11366.0,3469.0
128,AR,55,10262.0,2651.0
129,AR,56,23642.0,6926.0
130,AR,57,32191.0,7263.0
131,AR,58,28718.0,9706.0
132,AR,59,27245.0,9099.0
133,AR,60,17836.0,14280.0
134,AR,61,11013.0,7987.0
135,AR,62,26396.0,191.0
136,AR,63,9292.0,198.0
137,AR,64,39729.0,330.0
138,AR,65,37188.0,429.0
139,AR,66,67181.0,593.0
140,AR,67,71623.0,1717.0
141,AR,68,64082.0,8122.0
142,AR,69,55752.0,22204.0
143,AR,70,37351.0,24789.0
144,AR,71,25971.0,22686.0
145,AR,72,17741.0,15395.0
146,AR,73,16958.0,8849.0
147,AR,74,12954.0,16353.0
148,AS,1,0.0,0.0
149,AS,2,0.0,0.0
150,AS,3,0.0,0.0
151,AS,4,0.0,0.0
152,AS,5,0.0,0.0
153,AS,6,0.0,0.0
154,AS,7,0.0,0.0
155,AS,8,0.0,0.0
156,AS,9,0.0,0.0
157,AS,10,0.0,0.0
158,AS,11,0.0,0.0
159,AS,12,0.0,0.0
160,AS,13,0.0,0.0
161,AS,14,0.0,0.0
162,AS,15,0.0,0.0
163,AS,16,0.0,0.0
164,AS,17,0.0,0.0
165,AS,18,0.0,0.0
166,AS,19,0.0,0.0
167,AS,20,0.0,0.0
168,AS,21,0.0,0.0
169,AS,22,0.0,0.0
170,AS,23,0.0,0.0
171,AS,24,0.0,0.0
172,AS,25,0.0,0.0
173,AS,26,0.0,0.0
174,AS,27,0.0,0.0
175,AS,28,0.0,0.0
176,AS,29,0.0,0.0
177,AS,30,0.0,0.0
178,AS,31,0.0,0.0
179,AS,32,0.0,0.0
180,AS,33,0.0,0.0
181,AS,34,0.0,0.0
182,AS,35,0.0,0.0
183,AS,36,0.0,0.0
184,AS,37,0.0,0.0
185,AS,38,0.0,0.0
186,AS,39,0.0,0.0
187,AS,40,0.0,0.0
188,AS,41,0.0,0.0
189,AS,42,0.0,0.0
190,AS,43,0.0,0.0
191,AS,44,401.0,0.0
192,AS,45,3660.0,0.0
193,AS,46,26512.0,0.0
194,AS,47,47925.0,0.0
195,AS,48,43552.0,2006.0
196,AS,49,31279.0,8584.0
197,AS,50,42047.0,17168.0
198,AS,51,148225.0,24810.0
199,AS,52,126257.0,31299.0
200,AS,53,87796.0,24516.0
201,AS,54,332813.0,33017.0
202,AS,55,140106.0,32003.0
203,AS,56,205557.0,76554.0
204,AS,57,59332.0,40762.0
205,AS,58,297490.0,122152.0
206,AS,59,427578.0,140664.0
207,AS,60,325788.0,103004.0
208,AS,61,285358.0,74338.0
209,AS,62,306857.0,46646.0
210,AS,63,308167.0,49656.0
211,AS,64,220749.0,20593.0
212,AS,65,374072.0,69556.0
213,AS,66,427672.0,138079.0
214,AS,67,1389486.0,127319.0
215,AS,68,643862.0,111854.0
216,AS,69,263231.0,50524.0
217,AS,70,671272.0,181569.0
218,AS,71,720674.0,184910.0
219,AS,72,751281.0,217665.0
220,AS,73,1480218.0,220949.0
221,AS,74,1240836.0,292703.0
222,BR,1,0.0,0.0
223,BR,2,0.0,0.0
224,BR,3,0.0,0.0
225,BR,4,0.0,0.0
226,BR,5,0.0,0.0
227,BR,6,0.0,0.0
228,BR,7,0.0,0.0
229,BR,8,0.0,0.0
230,BR,9,0.0,0.0
231,BR,10,0.0,0.0
232,BR,11,0.0,0.0
233,BR,12,0.0,0.0
234,BR,13,0.0,0.0
235,BR,14,0.0,0.0
236,BR,15,0.0,0.0
237,BR,16,0.0,0.0
238,BR,17,0.0,0.0
239,BR,18,0.0,0.0
240,BR,19,0.0,0.0
241,BR,20,0.0,0.0
242,BR,21,0.0,0.0
243,BR,22,0.0,0.0
244,BR,23,0.0,0.0
245,BR,24,0.0,0.0
246,BR,25,0.0,0.0
247,BR,26,0.0,0.0
248,BR,27,0.0,0.0
249,BR,28,0.0,0.0
250,BR,29,0.0,0.0
251,BR,30,0.0,0.0
252,BR,31,0.0,0.0
253,BR,32,0.0,0.0
254,BR,33,0.0,0.0
255,BR,34,0.0,0.0
256,BR,35,0.0,0.0
257,BR,36,0.0,0.0
258,BR,37,0.0,0.0
259,BR,38,0.0,0.0
260,BR,39,0.0,0.0
261,BR,40,0.0,0.0
262,BR,41,0.0,0.0
263,BR,42,0.0,0.0
264,BR,43,0.0,0.0
265,BR,44,2879.0,0.0
266,BR,45,35028.0,0.0
267,BR,46,66656.0,0.0
268,BR,47,218129.0,0.0
269,BR,48,120135.0,52.0
270,BR,49,66658.0,37972.0
271,BR,50,38593.0,39417.0
272,BR,51,82212.0,104135.0
273,BR,52,423038.0,105284.0
274,BR,53,375158.0,74117.0
275,BR,54,630531.0,38937.0
276,BR,55,663093.0,22860.0
277,BR,56,1173432.0,102858.0
278,BR,57,923676.0,143562.0
279,BR,58,573443.0,196340.0
280,BR,59,442405.0,234894.0
281,BR,60,368786.0,354047.0
282,BR,61,853217.0,208012.0
283,BR,62,602145.0,39988.0
284,BR,63,624637.0,43206.0
285,BR,64,631618.0,63861.0
286,BR,65,925552.0,66411.0
287,BR,66,1407424.0,130874.0
288,BR,67,1994467.0,135652.0
289,BR,68,1182067.0,217223.0
290,BR,69,1133330.0,274915.0
291,BR,70,1620038.0,428719.0
292,BR,71,1072794.0,288819.0
293,BR,72,1857060.0,481498.0
294,BR,73,2341349.0,500394.0
295,BR,74,2176373.0,453857.0
296,CH,1,0.0,0.0
297,CH,2,0.0,0.0
298,CH,3,0.0,0.0
299,CH,4,0.0,0.0
300,CH,5,0.0,0.0
301,CH,6,0.0,0.0
302,CH,7,0.0,0.0
303,CH,8,0.0,0.0
304,CH,9,0.0,0.0
305,CH,10,0.0,0.0
306,CH,11,0.0,0.0
307,CH,12,0.0,0.0
308,CH,13,0.0,0.0
309,CH,14,0.0,0.0
310,CH,15,0.0,0.0
311,CH,16,0.0,0.0
312,CH,17,0.0,0.0
313,CH,18,0.0,0.0
314,CH,19,0.0,0.0
315,CH,20,0.0,0.0
316,CH,21,0.0,0.0
317,CH,22,0.0,0.0
318,CH,23,0.0,0.0
319,CH,24,0.0,0.0
320,CH,25,0.0,0.0
321,CH,26,0.0,0.0
322,CH,27,0.0,0.0
323,CH,28,0.0,0.0
324,CH,29,0.0,0.0
325,CH,30,0.0,0.0
326,CH,31,0.0,0.0
327,CH,32,0.0,0.0
328,CH,33,0.0,0.0
329,CH,34,0.0,0.0
330,CH,35,0.0,0.0
331,CH,36,0.0,0.0
332,CH,37,0.0,0.0
333,CH,38,0.0,0.0
334,CH,39,0.0,0.0
335,CH,40,0.0,0.0
336,CH,41,0.0,0.0
337,CH,42,0.0,0.0
338,CH,43,0.0,0.0
339,CH,44,120.0,0.0
340,CH,45,670.0,0.0
341,CH,46,1416.0,0.0
342,CH,47,1652.0,0.0
343,CH,48,2851.0,117.0
344,CH,49,3670.0,629.0
345,CH,50,6548.0,894.0
346,CH,51,10599.0,1513.0
347,CH,52,10773.0,2549.0
348,CH,53,9532.0,3134.0
349,CH,54,7357.0,2411.0
350,CH,55,19340.0,2062.0
351,CH,56,22216.0,4955.0
352,CH,57,20990.0,7256.0
353,CH,58,20260.0,11207.0
354,CH,59,25605.0,12890.0
355,CH,60,23846.0,13379.0
356,CH,61,23717.0,10676.0
357,CH,62,26558.0,950.0
358,CH,63,27027.0,232.0
359,CH,64,38028.0,244.0
360,CH,65,22874.0,633.0
361,CH,66,47250.0,1427.0
362,CH,67,44405.0,4400.0
363,CH,68,39330.0,13394.0
364,CH,69,33578.0,20091.0
365,CH,70,48697.0,22202.0
366,CH,71,38004.0,30968.0
367,CH,72,45069.0,26949.0
368,CH,73,64627.0,23069.0
369,CH,74,46970.0,26120.0
370,CT,1,0.0,0.0
371,CT,2,0.0,0.0
372,CT,3,0.0,0.0
373,CT,4,0.0,0.0
374,CT,5,0.0,0.0
375,CT,6,0.0,0.0
376,CT,7,0.0,0.0
377,CT,8,0.0,0.0
378,CT,9,0.0,0.0
379,CT,10,0.0,0.0
380,CT,11,0.0,0.0
381,CT,12,0.0,0.0
382,CT,13,0.0,0.0
383,CT,14,0.0,0.0
384,CT,15,0.0,0.0
385,CT,16,0.0,0.0
386,CT,17,0.0,0.0
387,CT,18,0.0,0.0
388,CT,19,0.0,0.0
389,CT,20,0.0,0.0
390,CT,21,0.0,0.0
391,CT,22,0.0,0.0
392,CT,23,0.0,0.0
393,CT,24,0.0,0.0
394,CT,25,0.0,0.0
395,CT,26,0.0,0.0
396,CT,27,0.0,0.0
397,CT,28,0.0,0.0
398,CT,29,0.0,0.0
399,CT,30,0.0,0.0
400,CT,31,0.0,0.0
401,CT,32,0.0,0.0
402,CT,33,0.0,0.0
403,CT,34,0.0,0.0
404,CT,35,0.0,0.0
405,CT,36,0.0,0.0
406,CT,37,0.0,0.0
407,CT,38,0.0,0.0
408,CT,39,0.0,0.0
409,CT,40,0.0,0.0
410,CT,41,0.0,0.0
411,CT,42,0.0,0.0
412,CT,43,0.0,0.0
413,CT,44,1001.0,0.0
414,CT,45,10862.0,0.0
415,CT,46,44729.0,0.0
416,CT,47,95417.0,0.0
417,CT,48,94083.0,841.0
418,CT,49,92098.0,19581.0
419,CT,50,35240.0,30549.0
420,CT,51,133808.0,68503.0
421,CT,52,186249.0,70839.0
422,CT,53,376762.0,76392.0
423,CT,54,346289.0,37823.0
424,CT,55,868490.0,30943.0
425,CT,56,1394756.0,67377.0
426,CT,57,644864.0,86564.0
427,CT,58,332694.0,108307.0
428,CT,59,153667.0,140814.0
429,CT,60,81557.0,138946.0
430,CT,61,99283.0,193632.0
431,CT,62,33664.0,11220.0
432,CT,63,33832.0,11242.0
433,CT,64,23811.0,28498.0
434,CT,65,16590.0,26277.0
435,CT,66,20757.0,28275.0
436,CT,67,1015573.0,203500.0
437,CT,68,942359.0,262681.0
438,CT,69,324093.0,182849.0
439,CT,70,392510.0,146820.0
440,CT,71,370054.0,165567.0
441,CT,72,367534.0,164757.0
442,CT,73,483921.0,239660.0
443,CT,74,256296.0,210601.0
444,DL,1,0.0,0.0
445,DL,2,0.0,0.0
446,DL,3,0.0,0.0
447,DL,4,0.0,0.0
448,DL,5,0.0,0.0
449,DL,6,0.0,0.0
450,DL,7,0.0,0.0
451,DL,8,0.0,0.0
452,DL,9,0.0,0.0
453,DL,10,0.0,0.0
454,DL,11,0.0,0.0
455,DL,12,0.0,0.0
456,DL,13,0.0,0.0
457,DL,14,0.0,0.0
458,DL,15,0.0,0.0
459,DL,16,0.0,0.0
460,DL,17,0.0,0.0
461,DL,18,0.0,0.0
462,DL,19,0.0,0.0
463,DL,20,0.0,0.0
464,DL,21,0.0,0.0
465,DL,22,0.0,0.0
466,DL,23,0.0,0.0
467,DL,24,0.0,0.0
468,DL,25,0.0,0.0
469,DL,26,0.0,0.0
470,DL,27,0.0,0.0
471,DL,28,0.0,0.0
472,DL,29,0.0,0.0
473,DL,30,0.0,0.0
474,DL,31,0.0,0.0
475,DL,32,0.0,0.0
476,DL,33,0.0,0.0
477,DL,34,0.0,0.0
478,DL,35,0.0,0.0
479,DL,36,0.0,0.0
480,DL,37,0.0,0.0
481,DL,38,0.0,0.0
482,DL,39,0.0,0.0
483,DL,40,0.0,0.0
484,DL,41,0.0,0.0
485,DL,42,0.0,0.0
486,DL,43,0.0,0.0
487,DL,44,892.0,0.0
488,DL,45,11420.0,0.0
489,DL,46,32446.0,0.0
490,DL,47,52734.0,0.0
491,DL,48,80682.0,1967.0
492,DL,49,112963.0,16306.0
493,DL,50,76562.0,20459.0
494,DL,51,59191.0,29532.0
495,DL,52,71391.0,52494.0
496,DL,53,80893.0,70747.0
497,DL,54,99515.0,51811.0
498,DL,55,532730.0,38432.0
499,DL,56,493931.0,75593.0
500,DL,57,415749.0,94245.0
501,DL,58,274836.0,114710.0
502,DL,59,216007.0,145011.0
503,DL,60,432516.0,150147.0
504,DL,61,420102.0,185393.0
505,DL,62,472965.0,104987.0
506,DL,63,211070.0,52037.0
507,DL,64,222480.0,81145.0
508,DL,65,267860.0,155638.0
509,DL,66,304796.0,137733.0
510,DL,67,685715.0,121819.0
511,DL,68,837050.0,206630.0
512,DL,69,347699.0,169735.0
513,DL,70,320221.0,135129.0
514,DL,71,155109.0,172376.0
515,DL,72,93217.0,280822.0
516,DL,73,361519.0,270569.0
517,DL,74,506741.0,329534.0
518,DN,1,0.0,0.0
519,DN,2,0.0,0.0
520,DN,3,0.0,0.0
521,DN,4,0.0,0.0
522,DN,5,0.0,0.0
523,DN,6,0.0,0.0
524,DN,7,0.0,0.0
525,DN,8,0.0,0.0
526,DN,9,0.0,0.0
527,DN,10,0.0,0.0
528,DN,11,0.0,0.0
529,DN,12,0.0,0.0
530,DN,13,0.0,0.0
531,DN,14,0.0,0.0
532,DN,15,0.0,0.0
533,DN,16,0.0,0.0
534,DN,17,0.0,0.0
535,DN,18,0.0,0.0
536,DN,19,0.0,0.0
537,DN,20,0.0,0.0
538,DN,21,0.0,0.0
539,DN,22,0.0,0.0
540,DN,23,0.0,0.0
541,DN,24,0.0,0.0
542,DN,25,0.0,0.0
543,DN,26,0.0,0.0
544,DN,27,0.0,0.0
545,DN,28,0.0,0.0
546,DN,29,0.0,0.0
547,DN,30,0.0,0.0
548,DN,31,0.0,0.0
549,DN,32,0.0,0.0
550,DN,33,0.0,0.0
551,DN,34,0.0,0.0
552,DN,35,0.0,0.0
553,DN,36,0.0,0.0
554,DN,37,0.0,0.0
555,DN,38,0.0,0.0
556,DN,39,0.0,0.0
557,DN,40,0.0,0.0
558,DN,41,0.0,0.0
559,DN,42,0.0,0.0
560,DN,43,0.0,0.0
561,DN,44,23.0,0.0
562,DN,45,257.0,0.0
563,DN,46,572.0,0.0
564,DN,47,1403.0,0.0
565,DN,48,1805.0,71.0
566,DN,49,2316.0,394.0
567,DN,50,928.0,209.0
568,DN,51,3942.0,1210.0
569,DN,52,3086.0,1358.0
570,DN,53,4011.0,1348.0
571,DN,54,3713.0,680.0
572,DN,55,12368.0,1248.0
573,DN,56,24706.0,2260.0
574,DN,57,12834.0,2401.0
575,DN,58,4752.0,2206.0
576,DN,59,3037.0,3182.0
577,DN,60,2813.0,4205.0
578,DN,61,9081.0,5099.0
579,DN,62,28723.0,38.0
580,DN,63,40317.0,49.0
581,DN,64,36291.0,104.0
582,DN,65,43328.0,283.0
583,DN,66,41145.0,579.0
584,DN,67,60008.0,4986.0
585,DN,68,77257.0,15723.0
586,DN,69,47581.0,12135.0
587,DN,70,44556.0,6787.0
588,DN,71,19373.0,4797.0
589,DN,72,24891.0,3418.0
590,DN,73,25170.0,4142.0
591,DN,74,18093.0,11509.0
592,GA,1,0.0,0.0
593,GA,2,0.0,0.0
594,GA,3,0.0,0.0
595,GA,4,0.0,0.0
596,GA,5,0.0,0.0
597,GA,6,0.0,0.0
598,GA,7,0.0,0.0
599,GA,8,0.0,0.0
600,GA,9,0.0,0.0
601,GA,10,0.0,0.0
602,GA,11,0.0,0.0
603,GA,12,0.0,0.0
604,GA,13,0.0,0.0
605,GA,14,0.0,0.0
606,GA,15,0.0,0.0
607,GA,16,0.0,0.0
608,GA,17,0.0,0.0
609,GA,18,0.0,0.0
610,GA,19,0.0,0.0
611,GA,20,0.0,0.0
612,GA,21,0.0,0.0
613,GA,22,0.0,0.0
614,GA,23,0.0,0.0
615,GA,24,0.0,0.0
616,GA,25,0.0,0.0
617,GA,26,0.0,0.0
618,GA,27,0.0,0.0
619,GA,28,0.0,0.0
620,GA,29,0.0,0.0
621,GA,30,0.0,0.0
622,GA,31,0.0,0.0
623,GA,32,0.0,0.0
624,GA,33,0.0,0.0
625,GA,34,0.0,0.0
626,GA,35,0.0,0.0
627,GA,36,0.0,0.0
628,GA,37,0.0,0.0
629,GA,38,0.0,0.0
630,GA,39,0.0,0.0
631,GA,40,0.0,0.0
632,GA,41,0.0,0.0
633,GA,42,0.0,0.0
634,GA,43,0.0,0.0
635,GA,44,50.0,0.0
636,GA,45,921.0,0.0
637,GA,46,2493.0,0.0
638,GA,47,3996.0,0.0
639,GA,48,5817.0,309.0
640,GA,49,2845.0,964.0
641,GA,50,3748.0,1477.0
642,GA,51,17024.0,4156.0
643,GA,52,18901.0,4802.0
644,GA,53,20455.0,2625.0
645,GA,54,15441.0,2831.0
646,GA,55,19828.0,4451.0
647,GA,56,28866.0,9070.0
648,GA,57,51493.0,14593.0
649,GA,58,45666.0,16298.0
650,GA,59,44461.0,11688.0
651,GA,60,27329.0,9744.0
652,GA,61,32909.0,11207.0
653,GA,62,47020.0,453.0
654,GA,63,37256.0,293.0
655,GA,64,41010.0,1289.0
656,GA,65,56267.0,1598.0
657,GA,66,122640.0,3077.0
658,GA,67,101915.0,6866.0
659,GA,68,104524.0,20017.0
660,GA,69,64429.0,38377.0
661,GA,70,58469.0,42474.0
662,GA,71,37450.0,36859.0
663,GA,72,41482.0,26878.0
664,GA,73,32680.0,22663.0
665,GA,74,25430.0,34850.0
666,GJ,1,0.0,0.0
667,GJ,2,0.0,0.0
668,GJ,3,0.0,0.0
669,GJ,4,0.0,0.0
670,GJ,5,0.0,0.0
671,GJ,6,0.0,0.0
672,GJ,7,0.0,0.0
673,GJ,8,0.0,0.0
674,GJ,9,0.0,0.0
675,GJ,10,0.0,0.0
676,GJ,11,0.0,0.0
677,GJ,12,0.0,0.0
678,GJ,13,0.0,0.0
679,GJ,14,0.0,0.0
680,GJ,15,0.0,0.0
681,GJ,16,0.0,0.0
682,GJ,17,0.0,0.0
683,GJ,18,0.0,0.0
684,GJ,19,0.0,0.0
685,GJ,20,0.0,0.0
686,GJ,21,0.0,0.0
687,GJ,22,0.0,0.0
688,GJ,23,0.0,0.0
689,GJ,24,0.0,0.0
690,GJ,25,0.0,0.0
691,GJ,26,0.0,0.0
692,GJ,27,0.0,0.0
693,GJ,28,0.0,0.0
694,GJ,29,0.0,0.0
695,GJ,30,0.0,0.0
696,GJ,31,0.0,0.0
697,GJ,32,0.0,0.0
698,GJ,33,0.0,0.0
699,GJ,34,0.0,0.0
700,GJ,35,0.0,0.0
701,GJ,36,0.0,0.0
702,GJ,37,0.0,0.0
703,GJ,38,0.0,0.0
704,GJ,39,0.0,0.0
705,GJ,40,0.0,0.0
706,GJ,41,0.0,0.0
707,GJ,42,0.0,0.0
708,GJ,43,0.0,0.0
709,GJ,44,1249.0,0.0
710,GJ,45,43624.0,0.0
711,GJ,46,166678.0,0.0
712,GJ,47,237260.0,0.0
713,GJ,48,310988.0,2.0
714,GJ,49,50916.0,58540.0
715,GJ,50,11018.0,109044.0
716,GJ,51,592876.0,163278.0
717,GJ,52,540133.0,183111.0
718,GJ,53,869323.0,100063.0
719,GJ,54,1506501.0,33746.0
720,GJ,55,1718471.0,141764.0
721,GJ,56,1933596.0,283697.0
722,GJ,57,938722.0,342208.0
723,GJ,58,574344.0,525097.0
724,GJ,59,596883.0,646257.0
725,GJ,60,584044.0,617574.0
726,GJ,61,536418.0,638157.0
727,GJ,62,298440.0,55584.0
728,GJ,63,1122629.0,192021.0
729,GJ,64,1281070.0,195889.0
730,GJ,65,1606954.0,260016.0
731,GJ,66,1594163.0,241213.0
732,GJ,67,2214681.0,539058.0
733,GJ,68,1322045.0,573446.0
734,GJ,69,719894.0,364369.0
735,GJ,70,1189438.0,524363.0
736,GJ,71,1390917.0,574960.0
737,GJ,72,1388115.0,574033.0
738,GJ,73,2119509.0,813396.0
739,GJ,74,2758409.0,872633.0
740,HP,1,0.0,0.0
741,HP,2,0.0,0.0
742,HP,3,0.0,0.0
743,HP,4,0.0,0.0
744,HP,5,0.0,0.0
745,HP,6,0.0,0.0
746,HP,7,0.0,0.0
747,HP,8,0.0,0.0
748,HP,9,0.0,0.0
749,HP,10,0.0,0.0
750,HP,11,0.0,0.0
751,HP,12,0.0,0.0
752,HP,13,0.0,0.0
753,HP,14,0.0,0.0
754,HP,15,0.0,0.0
755,HP,16,0.0,0.0
756,HP,17,0.0,0.0
757,HP,18,0.0,0.0
758,HP,19,0.0,0.0
759,HP,20,0.0,0.0
760,HP,21,0.0,0.0
761,HP,22,0.0,0.0
762,HP,23,0.0,0.0
763,HP,24,0.0,0.0
764,HP,25,0.0,0.0
765,HP,26,0.0,0.0
766,HP,27,0.0,0.0
767,HP,28,0.0,0.0
768,HP,29,0.0,0.0
769,HP,30,0.0,0.0
770,HP,31,0.0,0.0
771,HP,32,0.0,0.0
772,HP,33,0.0,0.0
773,HP,34,0.0,0.0
774,HP,35,0.0,0.0
775,HP,36,0.0,0.0
776,HP,37,0.0,0.0
777,HP,38,0.0,0.0
778,HP,39,0.0,0.0
779,HP,40,0.0,0.0
780,HP,41,0.0,0.0
781,HP,42,0.0,0.0
782,HP,43,0.0,0.0
783,HP,44,189.0,0.0
784,HP,45,5017.0,0.0
785,HP,46,16642.0,0.0
786,HP,47,25097.0,0.0
787,HP,48,25961.0,449.0
788,HP,49,16903.0,10889.0
789,HP,50,6039.0,8255.0
790,HP,51,18529.0,23250.0
791,HP,52,41539.0,17279.0
792,HP,53,78358.0,15120.0
793,HP,54,88271.0,6584.0
794,HP,55,160765.0,4382.0
795,HP,56,296051.0,13952.0
796,HP,57,285927.0,27350.0
797,HP,58,197372.0,44012.0
798,HP,59,193645.0,71811.0
799,HP,60,126058.0,88934.0
800,HP,61,77824.0,65273.0
801,HP,62,110656.0,504.0
802,HP,63,90958.0,334.0
803,HP,64,90001.0,566.0
804,HP,65,61433.0,1705.0
805,HP,66,209088.0,3931.0
806,HP,67,585619.0,30133.0
807,HP,68,350752.0,128132.0
808,HP,69,42986.0,233716.0
809,HP,70,75822.0,169381.0
810,HP,71,223261.0,120777.0
811,HP,72,198360.0,100736.0
812,HP,73,230353.0,82671.0
813,HP,74,731318.0,143485.0
814,HR,1,0.0,0.0
815,HR,2,0.0,0.0
816,HR,3,0.0,0.0
817,HR,4,0.0,0.0
818,HR,5,0.0,0.0
819,HR,6,0.0,0.0
820,HR,7,0.0,0.0
821,HR,8,0.0,0.0
822,HR,9,0.0,0.0
823,HR,10,0.0,0.0
824,HR,11,0.0,0.0
825,HR,12,0.0,0.0
826,HR,13,0.0,0.0
827,HR,14,0.0,0.0
828,HR,15,0.0,0.0
829,HR,16,0.0,0.0
830,HR,17,0.0,0.0
831,HR,18,0.0,0.0
832,HR,19,0.0,0.0
833,HR,20,0.0,0.0
834,HR,21,0.0,0.0
835,HR,22,0.0,0.0
836,HR,23,0.0,0.0
837,HR,24,0.0,0.0
838,HR,25,0.0,0.0
839,HR,26,0.0,0.0
840,HR,27,0.0,0.0
841,HR,28,0.0,0.0
842,HR,29,0.0,0.0
843,HR,30,0.0,0.0
844,HR,31,0.0,0.0
845,HR,32,0.0,0.0
846,HR,33,0.0,0.0
847,HR,34,0.0,0.0
848,HR,35,0.0,0.0
849,HR,36,0.0,0.0
850,HR,37,0.0,0.0
851,HR,38,0.0,0.0
852,HR,39,0.0,0.0
853,HR,40,0.0,0.0
854,HR,41,0.0,0.0
855,HR,42,0.0,0.0
856,HR,43,0.0,0.0
857,HR,44,1864.0,0.0
858,HR,45,41486.0,0.0
859,HR,46,51793.0,0.0
860,HR,47,13821.0,0.0
861,HR,48,68718.0,590.0
862,HR,49,26450.0,18663.0
863,HR,50,13841.0,42413.0
864,HR,51,43546.0,12757.0
865,HR,52,106522.0,28108.0
866,HR,53,353390.0,25684.0
867,HR,54,368204.0,14043.0
868,HR,55,504758.0,17302.0
869,HR,56,494257.0,35052.0
870,HR,57,617594.0,121770.0
871,HR,58,325976.0,154159.0
872,HR,59,179394.0,94592.0
873,HR,60,361976.0,149404.0
874,HR,61,403805.0,201816.0
875,HR,62,434462.0,29461.0
876,HR,63,404594.0,42523.0
877,HR,64,389453.0,29997.0
878,HR,65,481040.0,44666.0
879,HR,66,493967.0,83130.0
880,HR,67,951790.0,151909.0
881,HR,68,672968.0,256587.0
882,HR,69,299067.0,188721.0
883,HR,70,409281.0,251858.0
884,HR,71,281337.0,192072.0
885,HR,72,523051.0,318346.0
886,HR,73,633916.0,336860.0
887,HR,74,539785.0,349022.0
888,JH,1,0.0,0.0
889,JH,2,0.0,0.0
890,JH,3,0.0,0.0
891,JH,4,0.0,0.0
892,JH,5,0.0,0.0
893,JH,6,0.0,0.0
894,JH,7,0.0,0.0
895,JH,8,0.0,0.0
896,JH,9,0.0,0.0
897,JH,10,0.0,0.0
898,JH,11,0.0,0.0
899,JH,12,0.0,0.0
900,JH,13,0.0,0.0
901,JH,14,0.0,0.0
902,JH,15,0.0,0.0
903,JH,16,0.0,0.0
904,JH,17,0.0,0.0
905,JH,18,0.0,0.0
906,JH,19,0.0,0.0
907,JH,20,0.0,0.0
908,JH,21,0.0,0.0
909,JH,22,0.0,0.0
910,JH,23,0.0,0.0
911,JH,24,0.0,0.0
912,JH,25,0.0,0.0
913,JH,26,0.0,0.0
914,JH,27,0.0,0.0
915,JH,28,0.0,0.0
916,JH,29,0.0,0.0
917,JH,30,0.0,0.0
918,JH,31,0.0,0.0
919,JH,32,0.0,0.0
920,JH,33,0.0,0.0
921,JH,34,0.0,0.0
922,JH,35,0.0,0.0
923,JH,36,0.0,0.0
924,JH,37,0.0,0.0
925,JH,38,0.0,0.0
926,JH,39,0.0,0.0
927,JH,40,0.0,0.0
928,JH,41,0.0,0.0
929,JH,42,0.0,0.0
930,JH,43,0.0,0.0
931,JH,44,344.0,0.0
932,JH,45,3773.0,0.0
933,JH,46,27360.0,0.0
934,JH,47,55309.0,0.0
935,JH,48,109170.0,1978.0
936,JH,49,63590.0,9605.0
937,JH,50,30135.0,12174.0
938,JH,51,59648.0,37133.0
939,JH,52,101424.0,78358.0
940,JH,53,249983.0,69101.0
941,JH,54,649138.0,33757.0
942,JH,55,151132.0,14961.0
943,JH,56,469427.0,32623.0
944,JH,57,423342.0,49999.0
945,JH,58,157007.0,74550.0
946,JH,59,96703.0,73956.0
947,JH,60,66709.0,82413.0
948,JH,61,162802.0,93894.0
949,JH,62,323837.0,12200.0
950,JH,63,223532.0,23200.0
951,JH,64,307654.0,38800.0
952,JH,65,480880.0,46834.0
953,JH,66,549434.0,108269.0
954,JH,67,774200.0,117535.0
955,JH,68,411847.0,99645.0
956,JH,69,419764.0,170520.0
957,JH,70,426748.0,202489.0
958,JH,71,325369.0,124553.0
959,JH,72,656480.0,204476.0
960,JH,73,480952.0,147515.0
961,JH,74,540228.0,174393.0
962,JK,1,0.0,0.0
963,JK,2,0.0,0.0
964,JK,3,0.0,0.0
965,JK,4,0.0,0.0
966,JK,5,0.0,0.0
967,JK,6,0.0,0.0
968,JK,7,0.0,0.0
969,JK,8,0.0,0.0
970,JK,9,0.0,0.0
971,JK,10,0.0,0.0
972,JK,11,0.0,0.0
973,JK,12,0.0,0.0
974,JK,13,0.0,0.0
975,JK,14,0.0,0.0
976,JK,15,0.0,0.0
977,JK,16,0.0,0.0
978,JK,17,0.0,0.0
979,JK,18,0.0,0.0
980,JK,19,0.0,0.0
981,JK,20,0.0,0.0
982,JK,21,0.0,0.0
983,JK,22,0.0,0.0
984,JK,23,0.0,0.0
985,JK,24,0.0,0.0
986,JK,25,0.0,0.0
987,JK,26,0.0,0.0
988,JK,27,0.0,0.0
989,JK,28,0.0,0.0
990,JK,29,0.0,0.0
991,JK,30,0.0,0.0
992,JK,31,0.0,0.0
993,JK,32,0.0,0.0
994,JK,33,0.0,0.0
995,JK,34,0.0,0.0
996,JK,35,0.0,0.0
997,JK,36,0.0,0.0
998,JK,37,0.0,0.0
999,JK,38,0.0,0.0
1000,JK,39,0.0,0.0
1001,JK,40,0.0,0.0
1002,JK,41,0.0,0.0
1003,JK,42,0.0,0.0
1004,JK,43,0.0,0.0
1005,JK,44,447.0,0.0
1006,JK,45,5146.0,0.0
1007,JK,46,15668.0,0.0
1008,JK,47,19648.0,0.0
1009,JK,48,76768.0,722.0
1010,JK,49,68420.0,5536.0
1011,JK,50,36289.0,9429.0
1012,JK,51,66458.0,9418.0
1013,JK,52,73822.0,31109.0
1014,JK,53,107215.0,54887.0
1015,JK,54,113114.0,34887.0
1016,JK,55,154072.0,13534.0
1017,JK,56,358537.0,31203.0
1018,JK,57,263001.0,39658.0
1019,JK,58,332605.0,75128.0
1020,JK,59,304779.0,74739.0
1021,JK,60,240266.0,100981.0
1022,JK,61,77052.0,51755.0
1023,JK,62,104877.0,4427.0
1024,JK,63,281672.0,5436.0
1025,JK,64,196504.0,22221.0
1026,JK,65,172502.0,17637.0
1027,JK,66,282829.0,19319.0
1028,JK,67,291914.0,37027.0
1029,JK,68,369468.0,107633.0
1030,JK,69,280445.0,74628.0
1031,JK,70,219413.0,148004.0
1032,JK,71,174117.0,164160.0
1033,JK,72,219244.0,175570.0
1034,JK,73,328255.0,146468.0
1035,JK,74,311680.0,117916.0
1036,KA,1,0.0,0.0
1037,KA,2,0.0,0.0
1038,KA,3,0.0,0.0
1039,KA,4,0.0,0.0
1040,KA,5,0.0,0.0
1041,KA,6,0.0,0.0
1042,KA,7,0.0,0.0
1043,KA,8,0.0,0.0
1044,KA,9,0.0,0.0
1045,KA,10,0.0,0.0
1046,KA,11,0.0,0.0
1047,KA,12,0.0,0.0
1048,KA,13,0.0,0.0
1049,KA,14,0.0,0.0
1050,KA,15,0.0,0.0
1051,KA,16,0.0,0.0
1052,KA,17,0.0,0.0
1053,KA,18,0.0,0.0
1054,KA,19,0.0,0.0
1055,KA,20,0.0,0.0
1056,KA,21,0.0,0.0
1057,KA,22,0.0,0.0
1058,KA,23,0.0,0.0
1059,KA,24,0.0,0.0
1060,KA,25,0.0,0.0
1061,KA,26,0.0,0.0
1062,KA,27,0.0,0.0
1063,KA,28,0.0,0.0
1064,KA,29,0.0,0.0
1065,KA,30,0.0,0.0
1066,KA,31,0.0,0.0
1067,KA,32,0.0,0.0
1068,KA,33,0.0,0.0
1069,KA,34,0.0,0.0
1070,KA,35,0.0,0.0
1071,KA,36,0.0,0.0
1072,KA,37,0.0,0.0
1073,KA,38,0.0,0.0
1074,KA,39,0.0,0.0
1075,KA,40,0.0,0.0
1076,KA,41,0.0,0.0
1077,KA,42,0.0,0.0
1078,KA,43,0.0,0.0
1079,KA,44,3484.0,0.0
1080,KA,45,77963.0,0.0
1081,KA,46,155061.0,0.0
1082,KA,47,71048.0,0.0
1083,KA,48,104972.0,15.0
1084,KA,49,105349.0,111162.0
1085,KA,50,61901.0,99809.0
1086,KA,51,63759.0,22493.0
1087,KA,52,302914.0,77492.0
1088,KA,53,916918.0,65831.0
1089,KA,54,784765.0,44319.0
1090,KA,55,1029851.0,34849.0
1091,KA,56,1445268.0,82107.0
1092,KA,57,907495.0,170583.0
1093,KA,58,935715.0,383203.0
1094,KA,59,696859.0,418600.0
1095,KA,60,360536.0,390232.0
1096,KA,61,320483.0,444504.0
1097,KA,62,450876.0,107053.0
1098,KA,63,1172477.0,96596.0
1099,KA,64,1494180.0,135210.0
1100,KA,65,1597406.0,132489.0
1101,KA,66,1258590.0,196976.0
1102,KA,67,2711315.0,289952.0
1103,KA,68,1395409.0,484329.0
1104,KA,69,1172693.0,606237.0
1105,KA,70,1016142.0,574199.0
1106,KA,71,861166.0,610945.0
1107,KA,72,898231.0,595462.0
1108,KA,73,1508370.0,710570.0
1109,KA,74,1085548.0,498479.0
1110,KL,1,0.0,0.0
1111,KL,2,0.0,0.0
1112,KL,3,0.0,0.0
1113,KL,4,0.0,0.0
1114,KL,5,0.0,0.0
1115,KL,6,0.0,0.0
1116,KL,7,0.0,0.0
1117,KL,8,0.0,0.0
1118,KL,9,0.0,0.0
1119,KL,10,0.0,0.0
1120,KL,11,0.0,0.0
1121,KL,12,0.0,0.0
1122,KL,13,0.0,0.0
1123,KL,14,0.0,0.0
1124,KL,15,0.0,0.0
1125,KL,16,0.0,0.0
1126,KL,17,0.0,0.0
1127,KL,18,0.0,0.0
1128,KL,19,0.0,0.0
1129,KL,20,0.0,0.0
1130,KL,21,0.0,0.0
1131,KL,22,0.0,0.0
1132,KL,23,0.0,0.0
1133,KL,24,0.0,0.0
1134,KL,25,0.0,0.0
1135,KL,26,0.0,0.0
1136,KL,27,0.0,0.0
1137,KL,28,0.0,0.0
1138,KL,29,0.0,0.0
1139,KL,30,0.0,0.0
1140,KL,31,0.0,0.0
1141,KL,32,0.0,0.0
1142,KL,33,0.0,0.0
1143,KL,34,0.0,0.0
1144,KL,35,0.0,0.0
1145,KL,36,0.0,0.0
1146,KL,37,0.0,0.0
1147,KL,38,0.0,0.0
1148,KL,39,0.0,0.0
1149,KL,40,0.0,0.0
1150,KL,41,0.0,0.0
1151,KL,42,0.0,0.0
1152,KL,43,0.0,0.0
1153,KL,44,1681.0,0.0
1154,KL,45,20263.0,0.0
1155,KL,46,112281.0,0.0
1156,KL,47,137506.0,0.0
1157,KL,48,66436.0,0.0
1158,KL,49,68561.0,38833.0
1159,KL,50,82385.0,65387.0
1160,KL,51,266903.0,82935.0
1161,KL,52,286070.0,92459.0
1162,KL,53,390816.0,70974.0
1163,KL,54,467076.0,38955.0
1164,KL,55,1516422.0,32540.0
1165,KL,56,854454.0,70813.0
1166,KL,57,887737.0,181061.0
1167,KL,58,629977.0,365230.0
1168,KL,59,281158.0,316503.0
1169,KL,60,117554.0,409013.0
1170,KL,61,238917.0,226940.0
1171,KL,62,197568.0,28873.0
1172,KL,63,546842.0,24248.0
1173,KL,64,887365.0,112227.0
1174,KL,65,885676.0,80716.0
1175,KL,66,733256.0,188591.0
1176,KL,67,829185.0,550951.0
1177,KL,68,656728.0,624472.0
1178,KL,69,381780.0,520910.0
1179,KL,70,445090.0,538167.0
1180,KL,71,887317.0,926404.0
1181,KL,72,1234251.0,466643.0
1182,KL,73,1305579.0,311750.0
1183,KL,74,1864857.0,292218.0
1184,LA,1,0.0,0.0
1185,LA,2,0.0,0.0
1186,LA,3,0.0,0.0
1187,LA,4,0.0,0.0
1188,LA,5,0.0,0.0
1189,LA,6,0.0,0.0
1190,LA,7,0.0,0.0
1191,LA,8,0.0,0.0
1192,LA,9,0.0,0.0
1193,LA,10,0.0,0.0
1194,LA,11,0.0,0.0
1195,LA,12,0.0,0.0
1196,LA,13,0.0,0.0
1197,LA,14,0.0,0.0
1198,LA,15,0.0,0.0
1199,LA,16,0.0,0.0
1200,LA,17,0.0,0.0
1201,LA,18,0.0,0.0
1202,LA,19,0.0,0.0
1203,LA,20,0.0,0.0
1204,LA,21,0.0,0.0
1205,LA,22,0.0,0.0
1206,LA,23,0.0,0.0
1207,LA,24,0.0,0.0
1208,LA,25,0.0,0.0
1209,LA,26,0.0,0.0
1210,LA,27,0.0,0.0
1211,LA,28,0.0,0.0
1212,LA,29,0.0,0.0
1213,LA,30,0.0,0.0
1214,LA,31,0.0,0.0
1215,LA,32,0.0,0.0
1216,LA,33,0.0,0.0
1217,LA,34,0.0,0.0
1218,LA,35,0.0,0.0
1219,LA,36,0.0,0.0
1220,LA,37,0.0,0.0
1221,LA,38,0.0,0.0
1222,LA,39,0.0,0.0
1223,LA,40,0.0,0.0
1224,LA,41,0.0,0.0
1225,LA,42,0.0,0.0
1226,LA,43,0.0,0.0
1227,LA,44,9.0,0.0
1228,LA,45,321.0,0.0
1229,LA,46,629.0,0.0
1230,LA,47,858.0,0.0
1231,LA,48,1014.0,71.0
1232,LA,49,2952.0,529.0
1233,LA,50,3629.0,329.0
1234,LA,51,4975.0,1049.0
1235,LA,52,16350.0,926.0
1236,LA,53,7582.0,2367.0
1237,LA,54,1399.0,1382.0
1238,LA,55,12989.0,-22.0
1239,LA,56,11811.0,1282.0
1240,LA,57,2639.0,2749.0
1241,LA,58,4557.0,14163.0
1242,LA,59,3270.0,9633.0
1243,LA,60,8048.0,2030.0
1244,LA,61,3613.0,764.0
1245,LA,62,8160.0,7.0
1246,LA,63,22031.0,20.0
1247,LA,64,23530.0,33.0
1248,LA,65,13316.0,69.0
1249,LA,66,8127.0,96.0
1250,LA,67,6862.0,9816.0
1251,LA,68,5132.0,11037.0
1252,LA,69,7582.0,2400.0
1253,LA,70,3585.0,1439.0
1254,LA,71,800.0,1102.0
1255,LA,72,1311.0,4375.0
1256,LA,73,1345.0,2313.0
1257,LA,74,1109.0,2866.0
1258,MH,1,0.0,0.0
1259,MH,2,0.0,0.0
1260,MH,3,0.0,0.0
1261,MH,4,0.0,0.0
1262,MH,5,0.0,0.0
1263,MH,6,0.0,0.0
1264,MH,7,0.0,0.0
1265,MH,8,0.0,0.0
1266,MH,9,0.0,0.0
1267,MH,10,0.0,0.0
1268,MH,11,0.0,0.0
1269,MH,12,0.0,0.0
1270,MH,13,0.0,0.0
1271,MH,14,0.0,0.0
1272,MH,15,0.0,0.0
1273,MH,16,0.0,0.0
1274,MH,17,0.0,0.0
1275,MH,18,0.0,0.0
1276,MH,19,0.0,0.0
1277,MH,20,0.0,0.0
1278,MH,21,0.0,0.0
1279,MH,22,0.0,0.0
1280,MH,23,0.0,0.0
1281,MH,24,0.0,0.0
1282,MH,25,0.0,0.0
1283,MH,26,0.0,0.0
1284,MH,27,0.0,0.0
1285,MH,28,0.0,0.0
1286,MH,29,0.0,0.0
1287,MH,30,0.0,0.0
1288,MH,31,0.0,0.0
1289,MH,32,0.0,0.0
1290,MH,33,0.0,0.0
1291,MH,34,0.0,0.0
1292,MH,35,0.0,0.0
1293,MH,36,0.0,0.0
1294,MH,37,0.0,0.0
1295,MH,38,0.0,0.0
1296,MH,39,0.0,0.0
1297,MH,40,0.0,0.0
1298,MH,41,0.0,0.0
1299,MH,42,0.0,0.0
1300,MH,43,0.0,0.0
1301,MH,44,5652.0,0.0
1302,MH,45,62591.0,0.0
1303,MH,46,163259.0,0.0
1304,MH,47,201147.0,0.0
1305,MH,48,214532.0,170.0
1306,MH,49,213861.0,44738.0
1307,MH,50,159241.0,112169.0
1308,MH,51,291133.0,100383.0
1309,MH,52,671479.0,151119.0
1310,MH,53,930645.0,176281.0
1311,MH,54,1061332.0,128431.0
1312,MH,55,2457484.0,73619.0
1313,MH,56,2446032.0,158951.0
1314,MH,57,1863690.0,332886.0
1315,MH,58,1460487.0,607629.0
1316,MH,59,1285397.0,744439.0
1317,MH,60,968856.0,656264.0
1318,MH,61,1056243.0,878653.0
1319,MH,62,618617.0,177122.0
1320,MH,63,1359001.0,131592.0
1321,MH,64,1556285.0,244941.0
1322,MH,65,1407464.0,394756.0
1323,MH,66,1433951.0,303770.0
1324,MH,67,2865673.0,497726.0
1325,MH,68,1992021.0,863199.0
1326,MH,69,1488406.0,874956.0
1327,MH,70,1716863.0,1290104.0
1328,MH,71,1008445.0,791458.0
1329,MH,72,1797246.0,1335060.0
1330,MH,73,1554134.0,742578.0
1331,MH,74,1622540.0,853033.0
1332,ML,1,0.0,0.0
1333,ML,2,0.0,0.0
1334,ML,3,0.0,0.0
1335,ML,4,0.0,0.0
1336,ML,5,0.0,0.0
1337,ML,6,0.0,0.0
1338,ML,7,0.0,0.0
1339,ML,8,0.0,0.0
1340,ML,9,0.0,0.0
1341,ML,10,0.0,0.0
1342,ML,11,0.0,0.0
1343,ML,12,0.0,0.0
1344,ML,13,0.0,0.0
1345,ML,14,0.0,0.0
1346,ML,15,0.0,0.0
1347,ML,16,0.0,0.0
1348,ML,17,0.0,0.0
1349,ML,18,0.0,0.0
1350,ML,19,0.0,0.0
1351,ML,20,0.0,0.0
1352,ML,21,0.0,0.0
1353,ML,22,0.0,0.0
1354,ML,23,0.0,0.0
1355,ML,24,0.0,0.0
1356,ML,25,0.0,0.0
1357,ML,26,0.0,0.0
1358,ML,27,0.0,0.0
1359,ML,28,0.0,0.0
1360,ML,29,0.0,0.0
1361,ML,30,0.0,0.0
1362,ML,31,0.0,0.0
1363,ML,32,0.0,0.0
1364,ML,33,0.0,0.0
1365,ML,34,0.0,0.0
1366,ML,35,0.0,0.0
1367,ML,36,0.0,0.0
1368,ML,37,0.0,0.0
1369,ML,38,0.0,0.0
1370,ML,39,0.0,0.0
1371,ML,40,0.0,0.0
1372,ML,41,0.0,0.0
1373,ML,42,0.0,0.0
1374,ML,43,0.0,0.0
1375,ML,44,102.0,0.0
1376,ML,45,607.0,0.0
1377,ML,46,2361.0,0.0
1378,ML,47,2515.0,0.0
1379,ML,48,7320.0,91.0
1380,ML,49,16523.0,1592.0
1381,ML,50,10786.0,1923.0
1382,ML,51,7128.0,1902.0
1383,ML,52,10312.0,5466.0
1384,ML,53,10290.0,10536.0
1385,ML,54,10160.0,10000.0
1386,ML,55,7139.0,1367.0
1387,ML,56,17841.0,5365.0
1388,ML,57,22441.0,5708.0
1389,ML,58,32140.0,7907.0
1390,ML,59,79815.0,8679.0
1391,ML,60,37901.0,7371.0
1392,ML,61,51381.0,6154.0
1393,ML,62,33455.0,92.0
1394,ML,63,29111.0,168.0
1395,ML,64,12953.0,141.0
1396,ML,65,24645.0,226.0
1397,ML,66,87909.0,383.0
1398,ML,67,72202.0,1434.0
1399,ML,68,62869.0,6993.0
1400,ML,69,62582.0,14007.0
1401,ML,70,64914.0,22242.0
1402,ML,71,58666.0,44507.0
1403,ML,72,52216.0,34162.0
1404,ML,73,44129.0,27889.0
1405,ML,74,36387.0,31054.0
1406,MN,1,0.0,0.0
1407,MN,2,0.0,0.0
1408,MN,3,0.0,0.0
1409,MN,4,0.0,0.0
1410,MN,5,0.0,0.0
1411,MN,6,0.0,0.0
1412,MN,7,0.0,0.0
1413,MN,8,0.0,0.0
1414,MN,9,0.0,0.0
1415,MN,10,0.0,0.0
1416,MN,11,0.0,0.0
1417,MN,12,0.0,0.0
1418,MN,13,0.0,0.0
1419,MN,14,0.0,0.0
1420,MN,15,0.0,0.0
1421,MN,16,0.0,0.0
1422,MN,17,0.0,0.0
1423,MN,18,0.0,0.0
1424,MN,19,0.0,0.0
1425,MN,20,0.0,0.0
1426,MN,21,0.0,0.0
1427,MN,22,0.0,0.0
1428,MN,23,0.0,0.0
1429,MN,24,0.0,0.0
1430,MN,25,0.0,0.0
1431,MN,26,0.0,0.0
1432,MN,27,0.0,0.0
1433,MN,28,0.0,0.0
1434,MN,29,0.0,0.0
1435,MN,30,0.0,0.0
1436,MN,31,0.0,0.0
1437,MN,32,0.0,0.0
1438,MN,33,0.0,0.0
1439,MN,34,0.0,0.0
1440,MN,35,0.0,0.0
1441,MN,36,0.0,0.0
1442,MN,37,0.0,0.0
1443,MN,38,0.0,0.0
1444,MN,39,0.0,0.0
1445,MN,40,0.0,0.0
1446,MN,41,0.0,0.0
1447,MN,42,0.0,0.0
1448,MN,43,0.0,0.0
1449,MN,44,181.0,0.0
1450,MN,45,916.0,0.0
1451,MN,46,1836.0,0.0
1452,MN,47,4048.0,0.0
1453,MN,48,13830.0,55.0
1454,MN,49,16712.0,1299.0
1455,MN,50,10789.0,899.0
1456,MN,51,13567.0,2286.0
1457,MN,52,7923.0,5503.0
1458,MN,53,5794.0,9586.0
1459,MN,54,5835.0,10125.0
1460,MN,55,1764.0,4015.0
1461,MN,56,5619.0,9618.0
1462,MN,57,13302.0,6624.0
1463,MN,58,22319.0,5755.0
1464,MN,59,77829.0,5937.0
1465,MN,60,61348.0,5193.0
1466,MN,61,43660.0,2830.0
1467,MN,62,36440.0,341.0
1468,MN,63,36977.0,270.0
1469,MN,64,40799.0,580.0
1470,MN,65,44617.0,516.0
1471,MN,66,26947.0,711.0
1472,MN,67,37680.0,905.0
1473,MN,68,113145.0,2642.0
1474,MN,69,132645.0,8924.0
1475,MN,70,146530.0,19403.0
1476,MN,71,106194.0,53225.0
1477,MN,72,79047.0,48176.0
1478,MN,73,42589.0,33042.0
1479,MN,74,23004.0,27890.0
1480,MP,1,0.0,0.0
1481,MP,2,0.0,0.0
1482,MP,3,0.0,0.0
1483,MP,4,0.0,0.0
1484,MP,5,0.0,0.0
1485,MP,6,0.0,0.0
1486,MP,7,0.0,0.0
1487,MP,8,0.0,0.0
1488,MP,9,0.0,0.0
1489,MP,10,0.0,0.0
1490,MP,11,0.0,0.0
1491,MP,12,0.0,0.0
1492,MP,13,0.0,0.0
1493,MP,14,0.0,0.0
1494,MP,15,0.0,0.0
1495,MP,16,0.0,0.0
1496,MP,17,0.0,0.0
1497,MP,18,0.0,0.0
1498,MP,19,0.0,0.0
1499,MP,20,0.0,0.0
1500,MP,21,0.0,0.0
1501,MP,22,0.0,0.0
1502,MP,23,0.0,0.0
1503,MP,24,0.0,0.0
1504,MP,25,0.0,0.0
1505,MP,26,0.0,0.0
1506,MP,27,0.0,0.0
1507,MP,28,0.0,0.0
1508,MP,29,0.0,0.0
1509,MP,30,0.0,0.0
1510,MP,31,0.0,0.0
1511,MP,32,0.0,0.0
1512,MP,33,0.0,0.0
1513,MP,34,0.0,0.0
1514,MP,35,0.0,0.0
1515,MP,36,0.0,0.0
1516,MP,37,0.0,0.0
1517,MP,38,0.0,0.0
1518,MP,39,0.0,0.0
1519,MP,40,0.0,0.0
1520,MP,41,0.0,0.0
1521,MP,42,0.0,0.0
1522,MP,43,0.0,0.0
1523,MP,44,9435.0,0.0
1524,MP,45,28993.0,0.0
1525,MP,46,246354.0,0.0
1526,MP,47,48050.0,0.0
1527,MP,48,215440.0,3.0
1528,MP,49,83365.0,3806.0
1529,MP,50,13079.0,155853.0
1530,MP,51,173094.0,72374.0
1531,MP,52,244648.0,102524.0
1532,MP,53,721547.0,121546.0
1533,MP,54,762733.0,40898.0
1534,MP,55,964061.0,35577.0
1535,MP,56,1355695.0,65850.0
1536,MP,57,1680423.0,158824.0
1537,MP,58,395867.0,195346.0
1538,MP,59,100502.0,151316.0
1539,MP,60,158351.0,328523.0
1540,MP,61,271204.0,258266.0
1541,MP,62,554907.0,62412.0
1542,MP,63,1070688.0,31114.0
1543,MP,64,1698452.0,48389.0
1544,MP,65,1159215.0,109117.0
1545,MP,66,1008031.0,112871.0
1546,MP,67,4480345.0,302148.0
1547,MP,68,1337997.0,455718.0
1548,MP,69,1345678.0,976357.0
1549,MP,70,1040003.0,225132.0
1550,MP,71,2118982.0,534334.0
1551,MP,72,3543073.0,620699.0
1552,MP,73,2381061.0,472778.0
1553,MP,74,2453364.0,451853.0
1554,MZ,1,0.0,0.0
1555,MZ,2,0.0,0.0
1556,MZ,3,0.0,0.0
1557,MZ,4,0.0,0.0
1558,MZ,5,0.0,0.0
1559,MZ,6,0.0,0.0
1560,MZ,7,0.0,0.0
1561,MZ,8,0.0,0.0
1562,MZ,9,0.0,0.0
1563,MZ,10,0.0,0.0
1564,MZ,11,0.0,0.0
1565,MZ,12,0.0,0.0
1566,MZ,13,0.0,0.0
1567,MZ,14,0.0,0.0
1568,MZ,15,0.0,0.0
1569,MZ,16,0.0,0.0
1570,MZ,17,0.0,0.0
1571,MZ,18,0.0,0.0
1572,MZ,19,0.0,0.0
1573,MZ,20,0.0,0.0
1574,MZ,21,0.0,0.0
1575,MZ,22,0.0,0.0
1576,MZ,23,0.0,0.0
1577,MZ,24,0.0,0.0
1578,MZ,25,0.0,0.0
1579,MZ,26,0.0,0.0
1580,MZ,27,0.0,0.0
1581,MZ,28,0.0,0.0
1582,MZ,29,0.0,0.0
1583,MZ,30,0.0,0.0
1584,MZ,31,0.0,0.0
1585,MZ,32,0.0,0.0
1586,MZ,33,0.0,0.0
1587,MZ,34,0.0,0.0
1588,MZ,35,0.0,0.0
1589,MZ,36,0.0,0.0
1590,MZ,37,0.0,0.0
1591,MZ,38,0.0,0.0
1592,MZ,39,0.0,0.0
1593,MZ,40,0.0,0.0
1594,MZ,41,0.0,0.0
1595,MZ,42,0.0,0.0
1596,MZ,43,0.0,0.0
1597,MZ,44,105.0,0.0
1598,MZ,45,1765.0,0.0
1599,MZ,46,6107.0,0.0
1600,MZ,47,1493.0,0.0
1601,MZ,48,709.0,75.0
1602,MZ,49,4505.0,2159.0
1603,MZ,50,7238.0,3398.0
1604,MZ,51,12105.0,3543.0
1605,MZ,52,11726.0,939.0
1606,MZ,53,6739.0,2017.0
1607,MZ,54,3005.0,1460.0
1608,MZ,55,1012.0,1015.0
1609,MZ,56,17093.0,6977.0
1610,MZ,57,48566.0,10105.0
1611,MZ,58,48597.0,8657.0
1612,MZ,59,43101.0,4472.0
1613,MZ,60,17299.0,2215.0
1614,MZ,61,7638.0,3935.0
1615,MZ,62,13396.0,16.0
1616,MZ,63,10097.0,104.0
1617,MZ,64,10024.0,128.0
1618,MZ,65,19548.0,1104.0
1619,MZ,66,84164.0,335.0
1620,MZ,67,121109.0,586.0
1621,MZ,68,43352.0,6433.0
1622,MZ,69,42814.0,28389.0
1623,MZ,70,25979.0,39446.0
1624,MZ,71,17275.0,44035.0
1625,MZ,72,12487.0,25407.0
1626,MZ,73,14266.0,8002.0
1627,MZ,74,6795.0,12739.0
1628,NL,1,0.0,0.0
1629,NL,2,0.0,0.0
1630,NL,3,0.0,0.0
1631,NL,4,0.0,0.0
1632,NL,5,0.0,0.0
1633,NL,6,0.0,0.0
1634,NL,7,0.0,0.0
1635,NL,8,0.0,0.0
1636,NL,9,0.0,0.0
1637,NL,10,0.0,0.0
1638,NL,11,0.0,0.0
1639,NL,12,0.0,0.0
1640,NL,13,0.0,0.0
1641,NL,14,0.0,0.0
1642,NL,15,0.0,0.0
1643,NL,16,0.0,0.0
1644,NL,17,0.0,0.0
1645,NL,18,0.0,0.0
1646,NL,19,0.0,0.0
1647,NL,20,0.0,0.0
1648,NL,21,0.0,0.0
1649,NL,22,0.0,0.0
1650,NL,23,0.0,0.0
1651,NL,24,0.0,0.0
1652,NL,25,0.0,0.0
1653,NL,26,0.0,0.0
1654,NL,27,0.0,0.0
1655,NL,28,0.0,0.0
1656,NL,29,0.0,0.0
1657,NL,30,0.0,0.0
1658,NL,31,0.0,0.0
1659,NL,32,0.0,0.0
1660,NL,33,0.0,0.0
1661,NL,34,0.0,0.0
1662,NL,35,0.0,0.0
1663,NL,36,0.0,0.0
1664,NL,37,0.0,0.0
1665,NL,38,0.0,0.0
1666,NL,39,0.0,0.0
1667,NL,40,0.0,0.0
1668,NL,41,0.0,0.0
1669,NL,42,0.0,0.0
1670,NL,43,0.0,0.0
1671,NL,44,94.0,0.0
1672,NL,45,1480.0,0.0
1673,NL,46,1955.0,0.0
1674,NL,47,563.0,0.0
1675,NL,48,4949.0,0.0
1676,NL,49,10760.0,3438.0
1677,NL,50,7607.0,1562.0
1678,NL,51,4492.0,549.0
1679,NL,52,6971.0,3567.0
1680,NL,53,7507.0,5901.0
1681,NL,54,8497.0,5999.0
1682,NL,55,5098.0,1487.0
1683,NL,56,15361.0,3643.0
1684,NL,57,33191.0,4381.0
1685,NL,58,28707.0,4520.0
1686,NL,59,22323.0,5243.0
1687,NL,60,12673.0,6099.0
1688,NL,61,9820.0,5388.0
1689,NL,62,13442.0,78.0
1690,NL,63,15068.0,75.0
1691,NL,64,19283.0,119.0
1692,NL,65,50681.0,299.0
1693,NL,66,61452.0,700.0
1694,NL,67,61613.0,1797.0
1695,NL,68,52805.0,9622.0
1696,NL,69,45765.0,23291.0
1697,NL,70,42855.0,25080.0
1698,NL,71,47226.0,22436.0
1699,NL,72,23702.0,13892.0
1700,NL,73,13878.0,7811.0
1701,NL,74,9561.0,10963.0
1702,OR,1,0.0,0.0
1703,OR,2,0.0,0.0
1704,OR,3,0.0,0.0
1705,OR,4,0.0,0.0
1706,OR,5,0.0,0.0
1707,OR,6,0.0,0.0
1708,OR,7,0.0,0.0
1709,OR,8,0.0,0.0
1710,OR,9,0.0,0.0
1711,OR,10,0.0,0.0
1712,OR,11,0.0,0.0
1713,OR,12,0.0,0.0
1714,OR,13,0.0,0.0
1715,OR,14,0.0,0.0
1716,OR,15,0.0,0.0
1717,OR,16,0.0,0.0
1718,OR,17,0.0,0.0
1719,OR,18,0.0,0.0
1720,OR,19,0.0,0.0
1721,OR,20,0.0,0.0
1722,OR,21,0.0,0.0
1723,OR,22,0.0,0.0
1724,OR,23,0.0,0.0
1725,OR,24,0.0,0.0
1726,OR,25,0.0,0.0
1727,OR,26,0.0,0.0
1728,OR,27,0.0,0.0
1729,OR,28,0.0,0.0
1730,OR,29,0.0,0.0
1731,OR,30,0.0,0.0
1732,OR,31,0.0,0.0
1733,OR,32,0.0,0.0
1734,OR,33,0.0,0.0
1735,OR,34,0.0,0.0
1736,OR,35,0.0,0.0
1737,OR,36,0.0,0.0
1738,OR,37,0.0,0.0
1739,OR,38,0.0,0.0
1740,OR,39,0.0,0.0
1741,OR,40,0.0,0.0
1742,OR,41,0.0,0.0
1743,OR,42,0.0,0.0
1744,OR,43,0.0,0.0
1745,OR,44,3354.0,0.0
1746,OR,45,81185.0,0.0
1747,OR,46,67026.0,0.0
1748,OR,47,59627.0,0.0
1749,OR,48,137616.0,3.0
1750,OR,49,55842.0,66731.0
1751,OR,50,19464.0,59703.0
1752,OR,51,123867.0,30423.0
1753,OR,52,203632.0,101981.0
1754,OR,53,468107.0,52691.0
1755,OR,54,403128.0,24807.0
1756,OR,55,608251.0,40577.0
1757,OR,56,1141351.0,82217.0
1758,OR,57,614153.0,108154.0
1759,OR,58,438681.0,173354.0
1760,OR,59,195053.0,130727.0
1761,OR,60,113437.0,184210.0
1762,OR,61,197059.0,260180.0
1763,OR,62,385801.0,35866.0
1764,OR,63,570576.0,29368.0
1765,OR,64,493473.0,33211.0
1766,OR,65,542284.0,121909.0
1767,OR,66,646835.0,169423.0
1768,OR,67,1444081.0,194755.0
1769,OR,68,475396.0,181000.0
1770,OR,69,705280.0,475802.0
1771,OR,70,457442.0,342917.0
1772,OR,71,589537.0,489744.0
1773,OR,72,774140.0,283142.0
1774,OR,73,1082677.0,222925.0
1775,OR,74,1221882.0,314515.0
1776,PB,1,0.0,0.0
1777,PB,2,0.0,0.0
1778,PB,3,0.0,0.0
1779,PB,4,0.0,0.0
1780,PB,5,0.0,0.0
1781,PB,6,0.0,0.0
1782,PB,7,0.0,0.0
1783,PB,8,0.0,0.0
1784,PB,9,0.0,0.0
1785,PB,10,0.0,0.0
1786,PB,11,0.0,0.0
1787,PB,12,0.0,0.0
1788,PB,13,0.0,0.0
1789,PB,14,0.0,0.0
1790,PB,15,0.0,0.0
1791,PB,16,0.0,0.0
1792,PB,17,0.0,0.0
1793,PB,18,0.0,0.0
1794,PB,19,0.0,0.0
1795,PB,20,0.0,0.0
1796,PB,21,0.0,0.0
1797,PB,22,0.0,0.0
1798,PB,23,0.0,0.0
1799,PB,24,0.0,0.0
1800,PB,25,0.0,0.0
1801,PB,26,0.0,0.0
1802,PB,27,0.0,0.0
1803,PB,28,0.0,0.0
1804,PB,29,0.0,0.0
1805,PB,30,0.0,0.0
1806,PB,31,0.0,0.0
1807,PB,32,0.0,0.0
1808,PB,33,0.0,0.0
1809,PB,34,0.0,0.0
1810,PB,35,0.0,0.0
1811,PB,36,0.0,0.0
1812,PB,37,0.0,0.0
1813,PB,38,0.0,0.0
1814,PB,39,0.0,0.0
1815,PB,40,0.0,0.0
1816,PB,41,0.0,0.0
1817,PB,42,0.0,0.0
1818,PB,43,0.0,0.0
1819,PB,44,339.0,0.0
1820,PB,45,16180.0,0.0
1821,PB,46,29129.0,0.0
1822,PB,47,18751.0,0.0
1823,PB,48,27589.0,62.0
1824,PB,49,24720.0,12229.0
1825,PB,50,32491.0,20203.0
1826,PB,51,59316.0,13338.0
1827,PB,52,85862.0,18972.0
1828,PB,53,151231.0,19958.0
1829,PB,54,207963.0,16206.0
1830,PB,55,380030.0,17945.0
1831,PB,56,584632.0,32394.0
1832,PB,57,527457.0,55250.0
1833,PB,58,470970.0,101050.0
1834,PB,59,405841.0,135508.0
1835,PB,60,251366.0,142759.0
1836,PB,61,215032.0,120393.0
1837,PB,62,154749.0,20148.0
1838,PB,63,163372.0,35310.0
1839,PB,64,272281.0,31263.0
1840,PB,65,290780.0,24039.0
1841,PB,66,165350.0,33066.0
1842,PB,67,611485.0,117069.0
1843,PB,68,564016.0,216170.0
1844,PB,69,334440.0,158426.0
1845,PB,70,440082.0,208682.0
1846,PB,71,234134.0,199921.0
1847,PB,72,472618.0,212914.0
1848,PB,73,668889.0,239647.0
1849,PB,74,544924.0,315711.0
1850,PY,1,0.0,0.0
1851,PY,2,0.0,0.0
1852,PY,3,0.0,0.0
1853,PY,4,0.0,0.0
1854,PY,5,0.0,0.0
1855,PY,6,0.0,0.0
1856,PY,7,0.0,0.0
1857,PY,8,0.0,0.0
1858,PY,9,0.0,0.0
1859,PY,10,0.0,0.0
1860,PY,11,0.0,0.0
1861,PY,12,0.0,0.0
1862,PY,13,0.0,0.0
1863,PY,14,0.0,0.0
1864,PY,15,0.0,0.0
1865,PY,16,0.0,0.0
1866,PY,17,0.0,0.0
1867,PY,18,0.0,0.0
1868,PY,19,0.0,0.0
1869,PY,20,0.0,0.0
1870,PY,21,0.0,0.0
1871,PY,22,0.0,0.0
1872,PY,23,0.0,0.0
1873,PY,24,0.0,0.0
1874,PY,25,0.0,0.0
1875,PY,26,0.0,0.0
1876,PY,27,0.0,0.0
1877,PY,28,0.0,0.0
1878,PY,29,0.0,0.0
1879,PY,30,0.0,0.0
1880,PY,31,0.0,0.0
1881,PY,32,0.0,0.0
1882,PY,33,0.0,0.0
1883,PY,34,0.0,0.0
1884,PY,35,0.0,0.0
1885,PY,36,0.0,0.0
1886,PY,37,0.0,0.0
1887,PY,38,0.0,0.0
1888,PY,39,0.0,0.0
1889,PY,40,0.0,0.0
1890,PY,41,0.0,0.0
1891,PY,42,0.0,0.0
1892,PY,43,0.0,0.0
1893,PY,44,91.0,0.0
1894,PY,45,697.0,0.0
1895,PY,46,1203.0,0.0
1896,PY,47,895.0,0.0
1897,PY,48,2202.0,48.0
1898,PY,49,3638.0,645.0
1899,PY,50,1021.0,375.0
1900,PY,51,4668.0,984.0
1901,PY,52,8145.0,1351.0
1902,PY,53,14590.0,1787.0
1903,PY,54,17329.0,885.0
1904,PY,55,17832.0,1280.0
1905,PY,56,12729.0,1883.0
1906,PY,57,62153.0,3889.0
1907,PY,58,10217.0,5917.0
1908,PY,59,7909.0,8976.0
1909,PY,60,6010.0,10538.0
1910,PY,61,5851.0,10155.0
1911,PY,62,10247.0,405.0
1912,PY,63,17850.0,280.0
1913,PY,64,21649.0,513.0
1914,PY,65,35886.0,1184.0
1915,PY,66,78806.0,3058.0
1916,PY,67,59854.0,6869.0
1917,PY,68,35283.0,9080.0
1918,PY,69,24100.0,34636.0
1919,PY,70,36157.0,19851.0
1920,PY,71,26270.0,9889.0
1921,PY,72,24703.0,6520.0
1922,PY,73,23033.0,4694.0
1923,PY,74,18666.0,6396.0
1924,RJ,1,0.0,0.0
1925,RJ,2,0.0,0.0
1926,RJ,3,0.0,0.0
1927,RJ,4,0.0,0.0
1928,RJ,5,0.0,0.0
1929,RJ,6,0.0,0.0
1930,RJ,7,0.0,0.0
1931,RJ,8,0.0,0.0
1932,RJ,9,0.0,0.0
1933,RJ,10,0.0,0.0
1934,RJ,11,0.0,0.0
1935,RJ,12,0.0,0.0
1936,RJ,13,0.0,0.0
1937,RJ,14,0.0,0.0
1938,RJ,15,0.0,0.0
1939,RJ,16,0.0,0.0
1940,RJ,17,0.0,0.0
1941,RJ,18,0.0,0.0
1942,RJ,19,0.0,0.0
1943,RJ,20,0.0,0.0
1944,RJ,21,0.0,0.0
1945,RJ,22,0.0,0.0
1946,RJ,23,0.0,0.0
1947,RJ,24,0.0,0.0
1948,RJ,25,0.0,0.0
1949,RJ,26,0.0,0.0
1950,RJ,27,0.0,0.0
1951,RJ,28,0.0,0.0
1952,RJ,29,0.0,0.0
1953,RJ,30,0.0,0.0
1954,RJ,31,0.0,0.0
1955,RJ,32,0.0,0.0
1956,RJ,33,0.0,0.0
1957,RJ,34,0.0,0.0
1958,RJ,35,0.0,0.0
1959,RJ,36,0.0,0.0
1960,RJ,37,0.0,0.0
1961,RJ,38,0.0,0.0
1962,RJ,39,0.0,0.0
1963,RJ,40,0.0,0.0
1964,RJ,41,0.0,0.0
1965,RJ,42,0.0,0.0
1966,RJ,43,0.0,0.0
1967,RJ,44,3285.0,0.0
1968,RJ,45,44630.0,0.0
1969,RJ,46,260008.0,0.0
1970,RJ,47,126859.0,0.0
1971,RJ,48,150788.0,0.0
1972,RJ,49,187668.0,36825.0
1973,RJ,50,16240.0,184117.0
1974,RJ,51,915155.0,98478.0
1975,RJ,52,648245.0,124376.0
1976,RJ,53,1127685.0,189443.0
1977,RJ,54,1112215.0,27122.0
1978,RJ,55,975225.0,141525.0
1979,RJ,56,2880719.0,312989.0
1980,RJ,57,881931.0,250727.0
1981,RJ,58,967612.0,543249.0
1982,RJ,59,537635.0,339558.0
1983,RJ,60,599274.0,403010.0
1984,RJ,61,716229.0,332660.0
1985,RJ,62,767046.0,41975.0
1986,RJ,63,750240.0,65050.0
1987,RJ,64,776273.0,126025.0
1988,RJ,65,1828120.0,116780.0
1989,RJ,66,1206696.0,55582.0
1990,RJ,67,2710837.0,407036.0
1991,RJ,68,1138425.0,540541.0
1992,RJ,69,334966.0,330302.0
1993,RJ,70,1161326.0,847280.0
1994,RJ,71,1095512.0,763765.0
1995,RJ,72,1051186.0,1218175.0
1996,RJ,73,1738717.0,747531.0
1997,RJ,74,1821035.0,739438.0
1998,SK,1,0.0,0.0
1999,SK,2,0.0,0.0
2000,SK,3,0.0,0.0
2001,SK,4,0.0,0.0
2002,SK,5,0.0,0.0
2003,SK,6,0.0,0.0
2004,SK,7,0.0,0.0
2005,SK,8,0.0,0.0
2006,SK,9,0.0,0.0
2007,SK,10,0.0,0.0
2008,SK,11,0.0,0.0
2009,SK,12,0.0,0.0
2010,SK,13,0.0,0.0
2011,SK,14,0.0,0.0
2012,SK,15,0.0,0.0
2013,SK,16,0.0,0.0
2014,SK,17,0.0,0.0
2015,SK,18,0.0,0.0
2016,SK,19,0.0,0.0
2017,SK,20,0.0,0.0
2018,SK,21,0.0,0.0
2019,SK,22,0.0,0.0
2020,SK,23,0.0,0.0
2021,SK,24,0.0,0.0
2022,SK,25,0.0,0.0
2023,SK,26,0.0,0.0
2024,SK,27,0.0,0.0
2025,SK,28,0.0,0.0
2026,SK,29,0.0,0.0
2027,SK,30,0.0,0.0
2028,SK,31,0.0,0.0
2029,SK,32,0.0,0.0
2030,SK,33,0.0,0.0
2031,SK,34,0.0,0.0
2032,SK,35,0.0,0.0
2033,SK,36,0.0,0.0
2034,SK,37,0.0,0.0
2035,SK,38,0.0,0.0
2036,SK,39,0.0,0.0
2037,SK,40,0.0,0.0
2038,SK,41,0.0,0.0
2039,SK,42,0.0,0.0
2040,SK,43,0.0,0.0
2041,SK,44,7.0,0.0
2042,SK,45,292.0,0.0
2043,SK,46,1408.0,0.0
2044,SK,47,3382.0,0.0
2045,SK,48,2953.0,0.0
2046,SK,49,4180.0,699.0
2047,SK,50,5425.0,766.0
2048,SK,51,7574.0,2791.0
2049,SK,52,13895.0,3329.0
2050,SK,53,12503.0,2529.0
2051,SK,54,8783.0,2809.0
2052,SK,55,5816.0,-261.0
2053,SK,56,33745.0,2576.0
2054,SK,57,39431.0,5491.0
2055,SK,58,14185.0,11141.0
2056,SK,59,7785.0,11726.0
2057,SK,60,3408.0,10773.0
2058,SK,61,1428.0,5225.0
2059,SK,62,8466.0,43.0
2060,SK,63,4572.0,16.0
2061,SK,64,676.0,61.0
2062,SK,65,33676.0,85.0
2063,SK,66,85132.0,112.0
2064,SK,67,72812.0,1686.0
2065,SK,68,44863.0,23584.0
2066,SK,69,25728.0,33281.0
2067,SK,70,22258.0,17637.0
2068,SK,71,17658.0,8405.0
2069,SK,72,8590.0,3601.0
2070,SK,73,6523.0,2638.0
2071,SK,74,3675.0,7299.0
2072,TG,1,0.0,0.0
2073,TG,2,0.0,0.0
2074,TG,3,0.0,0.0
2075,TG,4,0.0,0.0
2076,TG,5,0.0,0.0
2077,TG,6,0.0,0.0
2078,TG,7,0.0,0.0
2079,TG,8,0.0,0.0
2080,TG,9,0.0,0.0
2081,TG,10,0.0,0.0
2082,TG,11,0.0,0.0
2083,TG,12,0.0,0.0
2084,TG,13,0.0,0.0
2085,TG,14,0.0,0.0
2086,TG,15,0.0,0.0
2087,TG,16,0.0,0.0
2088,TG,17,0.0,0.0
2089,TG,18,0.0,0.0
2090,TG,19,0.0,0.0
2091,TG,20,0.0,0.0
2092,TG,21,0.0,0.0
2093,TG,22,0.0,0.0
2094,TG,23,0.0,0.0
2095,TG,24,0.0,0.0
2096,TG,25,0.0,0.0
2097,TG,26,0.0,0.0
2098,TG,27,0.0,0.0
2099,TG,28,0.0,0.0
2100,TG,29,0.0,0.0
2101,TG,30,0.0,0.0
2102,TG,31,0.0,0.0
2103,TG,32,0.0,0.0
2104,TG,33,0.0,0.0
2105,TG,34,0.0,0.0
2106,TG,35,0.0,0.0
2107,TG,36,0.0,0.0
2108,TG,37,0.0,0.0
2109,TG,38,0.0,0.0
2110,TG,39,0.0,0.0
2111,TG,40,0.0,0.0
2112,TG,41,0.0,0.0
2113,TG,42,0.0,0.0
2114,TG,43,0.0,0.0
2115,TG,44,443.0,0.0
2116,TG,45,25076.0,0.0
2117,TG,46,63571.0,0.0
2118,TG,47,39518.0,0.0
2119,TG,48,70171.0,1729.0
2120,TG,49,65174.0,76308.0
2121,TG,50,12332.0,44335.0
2122,TG,51,61992.0,29522.0
2123,TG,52,83205.0,46638.0
2124,TG,53,114357.0,10398.0
2125,TG,54,155725.0,9021.0
2126,TG,55,335637.0,16502.0
2127,TG,56,519791.0,43533.0
2128,TG,57,774689.0,61728.0
2129,TG,58,865986.0,112099.0
2130,TG,59,612647.0,106273.0
2131,TG,60,211185.0,163761.0
2132,TG,61,58614.0,221036.0
2133,TG,62,5737.0,8750.0
2134,TG,63,189215.0,159040.0
2135,TG,64,516022.0,51761.0
2136,TG,65,1050315.0,34774.0
2137,TG,66,1004453.0,33311.0
2138,TG,67,960054.0,72369.0
2139,TG,68,905384.0,181110.0
2140,TG,69,402845.0,245726.0
2141,TG,70,376808.0,359503.0
2142,TG,71,172635.0,482030.0
2143,TG,72,161120.0,471458.0
2144,TG,73,276656.0,353236.0
2145,TG,74,413737.0,221492.0
2146,TN,1,0.0,0.0
2147,TN,2,0.0,0.0
2148,TN,3,0.0,0.0
2149,TN,4,0.0,0.0
2150,TN,5,0.0,0.0
2151,TN,6,0.0,0.0
2152,TN,7,0.0,0.0
2153,TN,8,0.0,0.0
2154,TN,9,0.0,0.0
2155,TN,10,0.0,0.0
2156,TN,11,0.0,0.0
2157,TN,12,0.0,0.0
2158,TN,13,0.0,0.0
2159,TN,14,0.0,0.0
2160,TN,15,0.0,0.0
2161,TN,16,0.0,0.0
2162,TN,17,0.0,0.0
2163,TN,18,0.0,0.0
2164,TN,19,0.0,0.0
2165,TN,20,0.0,0.0
2166,TN,21,0.0,0.0
2167,TN,22,0.0,0.0
2168,TN,23,0.0,0.0
2169,TN,24,0.0,0.0
2170,TN,25,0.0,0.0
2171,TN,26,0.0,0.0
2172,TN,27,0.0,0.0
2173,TN,28,0.0,0.0
2174,TN,29,0.0,0.0
2175,TN,30,0.0,0.0
2176,TN,31,0.0,0.0
2177,TN,32,0.0,0.0
2178,TN,33,0.0,0.0
2179,TN,34,0.0,0.0
2180,TN,35,0.0,0.0
2181,TN,36,0.0,0.0
2182,TN,37,0.0,0.0
2183,TN,38,0.0,0.0
2184,TN,39,0.0,0.0
2185,TN,40,0.0,0.0
2186,TN,41,0.0,0.0
2187,TN,42,0.0,0.0
2188,TN,43,0.0,0.0
2189,TN,44,1084.0,0.0
2190,TN,45,28247.0,0.0
2191,TN,46,43984.0,0.0
2192,TN,47,46383.0,0.0
2193,TN,48,64735.0,619.0
2194,TN,49,56824.0,12568.0
2195,TN,50,26879.0,20411.0
2196,TN,51,251087.0,28341.0
2197,TN,52,494105.0,50931.0
2198,TN,53,615957.0,59215.0
2199,TN,54,601207.0,43999.0
2200,TN,55,396825.0,47559.0
2201,TN,56,418127.0,102860.0
2202,TN,57,721704.0,200053.0
2203,TN,58,292346.0,326332.0
2204,TN,59,265658.0,374921.0
2205,TN,60,204325.0,270778.0
2206,TN,61,248194.0,242048.0
2207,TN,62,234370.0,47131.0
2208,TN,63,1254075.0,48674.0
2209,TN,64,1041202.0,74298.0
2210,TN,65,544122.0,47790.0
2211,TN,66,1598944.0,105743.0
2212,TN,67,2029656.0,193547.0
2213,TN,68,1393072.0,222690.0
2214,TN,69,503935.0,208703.0
2215,TN,70,1368796.0,475555.0
2216,TN,71,1230152.0,299482.0
2217,TN,72,1484550.0,388806.0
2218,TN,73,1559457.0,392722.0
2219,TN,74,1155508.0,262767.0
2220,TR,1,0.0,0.0
2221,TR,2,0.0,0.0
2222,TR,3,0.0,0.0
2223,TR,4,0.0,0.0
2224,TR,5,0.0,0.0
2225,TR,6,0.0,0.0
2226,TR,7,0.0,0.0
2227,TR,8,0.0,0.0
2228,TR,9,0.0,0.0
2229,TR,10,0.0,0.0
2230,TR,11,0.0,0.0
2231,TR,12,0.0,0.0
2232,TR,13,0.0,0.0
2233,TR,14,0.0,0.0
2234,TR,15,0.0,0.0
2235,TR,16,0.0,0.0
2236,TR,17,0.0,0.0
2237,TR,18,0.0,0.0
2238,TR,19,0.0,0.0
2239,TR,20,0.0,0.0
2240,TR,21,0.0,0.0
2241,TR,22,0.0,0.0
2242,TR,23,0.0,0.0
2243,TR,24,0.0,0.0
2244,TR,25,0.0,0.0
2245,TR,26,0.0,0.0
2246,TR,27,0.0,0.0
2247,TR,28,0.0,0.0
2248,TR,29,0.0,0.0
2249,TR,30,0.0,0.0
2250,TR,31,0.0,0.0
2251,TR,32,0.0,0.0
2252,TR,33,0.0,0.0
2253,TR,34,0.0,0.0
2254,TR,35,0.0,0.0
2255,TR,36,0.0,0.0
2256,TR,37,0.0,0.0
2257,TR,38,0.0,0.0
2258,TR,39,0.0,0.0
2259,TR,40,0.0,0.0
2260,TR,41,0.0,0.0
2261,TR,42,0.0,0.0
2262,TR,43,0.0,0.0
2263,TR,44,107.0,0.0
2264,TR,45,3242.0,0.0
2265,TR,46,17993.0,0.0
2266,TR,47,10893.0,0.0
2267,TR,48,29275.0,334.0
2268,TR,49,19365.0,11080.0
2269,TR,50,7214.0,9588.0
2270,TR,51,18629.0,7932.0
2271,TR,52,25927.0,18620.0
2272,TR,53,116361.0,19131.0
2273,TR,54,303750.0,8267.0
2274,TR,55,83174.0,3923.0
2275,TR,56,85000.0,12390.0
2276,TR,57,45278.0,22711.0
2277,TR,58,54367.0,77270.0
2278,TR,59,86924.0,162825.0
2279,TR,60,45448.0,111604.0
2280,TR,61,32583.0,40986.0
2281,TR,62,59022.0,334.0
2282,TR,63,36084.0,578.0
2283,TR,64,46963.0,471.0
2284,TR,65,19783.0,4493.0
2285,TR,66,236415.0,24532.0
2286,TR,67,510210.0,36598.0
2287,TR,68,104894.0,40919.0
2288,TR,69,59108.0,32856.0
2289,TR,70,82326.0,44761.0
2290,TR,71,69473.0,49589.0
2291,TR,72,150211.0,43390.0
2292,TR,73,45271.0,14927.0
2293,TR,74,28407.0,26677.0
2294,UP,1,0.0,0.0
2295,UP,2,0.0,0.0
2296,UP,3,0.0,0.0
2297,UP,4,0.0,0.0
2298,UP,5,0.0,0.0
2299,UP,6,0.0,0.0
2300,UP,7,0.0,0.0
2301,UP,8,0.0,0.0
2302,UP,9,0.0,0.0
2303,UP,10,0.0,0.0
2304,UP,11,0.0,0.0
2305,UP,12,0.0,0.0
2306,UP,13,0.0,0.0
2307,UP,14,0.0,0.0
2308,UP,15,0.0,0.0
2309,UP,16,0.0,0.0
2310,UP,17,0.0,0.0
2311,UP,18,0.0,0.0
2312,UP,19,0.0,0.0
2313,UP,20,0.0,0.0
2314,UP,21,0.0,0.0
2315,UP,22,0.0,0.0
2316,UP,23,0.0,0.0
2317,UP,24,0.0,0.0
2318,UP,25,0.0,0.0
2319,UP,26,0.0,0.0
2320,UP,27,0.0,0.0
2321,UP,28,0.0,0.0
2322,UP,29,0.0,0.0
2323,UP,30,0.0,0.0
2324,UP,31,0.0,0.0
2325,UP,32,0.0,0.0
2326,UP,33,0.0,0.0
2327,UP,34,0.0,0.0
2328,UP,35,0.0,0.0
2329,UP,36,0.0,0.0
2330,UP,37,0.0,0.0
2331,UP,38,0.0,0.0
2332,UP,39,0.0,0.0
2333,UP,40,0.0,0.0
2334,UP,41,0.0,0.0
2335,UP,42,0.0,0.0
2336,UP,43,0.0,0.0
2337,UP,44,2142.0,0.0
2338,UP,45,27067.0,0.0
2339,UP,46,384185.0,0.0
2340,UP,47,195664.0,0.0
2341,UP,48,213827.0,2.0
2342,UP,49,261611.0,95744.0
2343,UP,50,139123.0,273449.0
2344,UP,51,192643.0,135222.0
2345,UP,52,518731.0,87220.0
2346,UP,53,1213605.0,261643.0
2347,UP,54,1026713.0,120186.0
2348,UP,55,1084826.0,43883.0
2349,UP,56,1651662.0,165604.0
2350,UP,57,1749434.0,359176.0
2351,UP,58,648755.0,371500.0
2352,UP,59,528765.0,356682.0
2353,UP,60,564200.0,394014.0
2354,UP,61,782909.0,457042.0
2355,UP,62,1158027.0,77552.0
2356,UP,63,1602169.0,97319.0
2357,UP,64,2006310.0,171743.0
2358,UP,65,2454619.0,158523.0
2359,UP,66,2309960.0,216513.0
2360,UP,67,4351832.0,285976.0
2361,UP,68,1565888.0,483621.0
2362,UP,69,3416906.0,939896.0
2363,UP,70,2340756.0,699092.0
2364,UP,71,3184340.0,662030.0
2365,UP,72,3144352.0,559136.0
2366,UP,73,4475752.0,579932.0
2367,UP,74,2877827.0,766686.0
2368,UT,1,0.0,0.0
2369,UT,2,0.0,0.0
2370,UT,3,0.0,0.0
2371,UT,4,0.0,0.0
2372,UT,5,0.0,0.0
2373,UT,6,0.0,0.0
2374,UT,7,0.0,0.0
2375,UT,8,0.0,0.0
2376,UT,9,0.0,0.0
2377,UT,10,0.0,0.0
2378,UT,11,0.0,0.0
2379,UT,12,0.0,0.0
2380,UT,13,0.0,0.0
2381,UT,14,0.0,0.0
2382,UT,15,0.0,0.0
2383,UT,16,0.0,0.0
2384,UT,17,0.0,0.0
2385,UT,18,0.0,0.0
2386,UT,19,0.0,0.0
2387,UT,20,0.0,0.0
2388,UT,21,0.0,0.0
2389,UT,22,0.0,0.0
2390,UT,23,0.0,0.0
2391,UT,24,0.0,0.0
2392,UT,25,0.0,0.0
2393,UT,26,0.0,0.0
2394,UT,27,0.0,0.0
2395,UT,28,0.0,0.0
2396,UT,29,0.0,0.0
2397,UT,30,0.0,0.0
2398,UT,31,0.0,0.0
2399,UT,32,0.0,0.0
2400,UT,33,0.0,0.0
2401,UT,34,0.0,0.0
2402,UT,35,0.0,0.0
2403,UT,36,0.0,0.0
2404,UT,37,0.0,0.0
2405,UT,38,0.0,0.0
2406,UT,39,0.0,0.0
2407,UT,40,0.0,0.0
2408,UT,41,0.0,0.0
2409,UT,42,0.0,0.0
2410,UT,43,0.0,0.0
2411,UT,44,511.0,0.0
2412,UT,45,2727.0,0.0
2413,UT,46,20684.0,0.0
2414,UT,47,46416.0,0.0
2415,UT,48,39628.0,403.0
2416,UT,49,28286.0,7886.0
2417,UT,50,9846.0,12215.0
2418,UT,51,42864.0,35259.0
2419,UT,52,66264.0,29830.0
2420,UT,53,119424.0,27835.0
2421,UT,54,122378.0,10289.0
2422,UT,55,225500.0,15864.0
2423,UT,56,380519.0,39425.0
2424,UT,57,219846.0,61996.0
2425,UT,58,194108.0,91544.0
2426,UT,59,155973.0,91535.0
2427,UT,60,93767.0,156907.0
2428,UT,61,196189.0,99421.0
2429,UT,62,126923.0,618.0
2430,UT,63,116421.0,2054.0
2431,UT,64,130434.0,3882.0
2432,UT,65,252104.0,7837.0
2433,UT,66,218938.0,37386.0
2434,UT,67,616128.0,35808.0
2435,UT,68,238405.0,95017.0
2436,UT,69,235014.0,127012.0
2437,UT,70,136605.0,175502.0
2438,UT,71,174450.0,150844.0
2439,UT,72,260427.0,119842.0
2440,UT,73,552522.0,138712.0
2441,UT,74,472556.0,147531.0
2442,WB,1,0.0,0.0
2443,WB,2,0.0,0.0
2444,WB,3,0.0,0.0
2445,WB,4,0.0,0.0
2446,WB,5,0.0,0.0
2447,WB,6,0.0,0.0
2448,WB,7,0.0,0.0
2449,WB,8,0.0,0.0
2450,WB,9,0.0,0.0
2451,WB,10,0.0,0.0
2452,WB,11,0.0,0.0
2453,WB,12,0.0,0.0
2454,WB,13,0.0,0.0
2455,WB,14,0.0,0.0
2456,WB,15,0.0,0.0
2457,WB,16,0.0,0.0
2458,WB,17,0.0,0.0
2459,WB,18,0.0,0.0
2460,WB,19,0.0,0.0
2461,WB,20,0.0,0.0
2462,WB,21,0.0,0.0
2463,WB,22,0.0,0.0
2464,WB,23,0.0,0.0
2465,WB,24,0.0,0.0
2466,WB,25,0.0,0.0
2467,WB,26,0.0,0.0
2468,WB,27,0.0,0.0
2469,WB,28,0.0,0.0
2470,WB,29,0.0,0.0
2471,WB,30,0.0,0.0
2472,WB,31,0.0,0.0
2473,WB,32,0.0,0.0
2474,WB,33,0.0,0.0
2475,WB,34,0.0,0.0
2476,WB,35,0.0,0.0
2477,WB,36,0.0,0.0
2478,WB,37,0.0,0.0
2479,WB,38,0.0,0.0
2480,WB,39,0.0,0.0
2481,WB,40,0.0,0.0
2482,WB,41,0.0,0.0
2483,WB,42,0.0,0.0
2484,WB,43,0.0,0.0
2485,WB,44,,
2486,WB,45,,
2487,WB,46,170838.0,0.0
2488,WB,47,109807.0,0.0
2489,WB,48,156918.0,1084.0
2490,WB,49,139586.0,43442.0
2491,WB,50,333553.0,94321.0
2492,WB,51,346056.0,98781.0
2493,WB,52,692572.0,120181.0
2494,WB,53,1049236.0,123596.0
2495,WB,54,1101115.0,131092.0
2496,WB,55,1117185.0,95357.0
2497,WB,56,1712540.0,210728.0
2498,WB,57,604467.0,244081.0
2499,WB,58,650063.0,548644.0
2500,WB,59,462831.0,656799.0
2501,WB,60,133816.0,760535.0
2502,WB,61,131318.0,589347.0
2503,WB,62,318923.0,96990.0
2504,WB,63,1133002.0,49083.0
2505,WB,64,1683066.0,77019.0
2506,WB,65,1471746.0,97541.0
2507,WB,66,1115331.0,221649.0
2508,WB,67,1643157.0,463266.0
2509,WB,68,815188.0,732087.0
2510,WB,69,569656.0,907248.0
2511,WB,70,835366.0,1096734.0
2512,WB,71,946725.0,734887.0
2513,WB,72,1350077.0,486888.0
2514,WB,73,2121735.0,388892.0
2515,WB,74,1856470.0,318877.0
